<?xml version="1.0" encoding="UTF-8"?>
<project-private xmlns="http://www.netbeans.org/ns/project-private/1">
    <editor-bookmarks xmlns="http://www.netbeans.org/ns/editor-bookmarks/2" lastBookmarkId="0"/>
    <open-files xmlns="http://www.netbeans.org/ns/projectui-open-files/2">
        <group>
            <file>file:/G:/Develop/intergration-code/V2.0.1/vnpay_jsp/src/java/com/vnpay/common/ajaxServlet.java</file>
            <file>file:/G:/Develop/intergration-code/V2.0.1/vnpay_jsp/web/META-INF/context.xml</file>
            <file>file:/G:/Develop/intergration-code/V2.0.1/vnpay_jsp/src/java/com/vnpay/common/Config.java</file>
            <file>file:/G:/Develop/intergration-code/V2.0.1/vnpay_jsp/nbproject/project.properties</file>
            <file>file:/G:/Develop/intergration-code/V2.0.1/vnpay_jsp/web/WEB-INF/web.xml</file>
            <file>file:/G:/Develop/intergration-code/V2.0.1/vnpay_jsp/src/java/com/vnpay/common/vnpayRefund.java</file>
            <file>file:/G:/Develop/intergration-code/V2.0.1/vnpay_jsp/src/java/com/vnpay/common/vnpayQuery.java</file>
        </group>
        <group name="New">
            <file>file:/C:/Users/tamdt/Desktop/V2.1.0/upCode/vnpay_jsp/src/java/com/vnpay/common/vnpayQuery.java</file>
            <file>file:/C:/Users/tamdt/Desktop/V2.1.0/upCode/vnpay_jsp/src/java/com/vnpay/common/ajaxServlet.java</file>
            <file>file:/C:/Users/tamdt/Desktop/V2.1.0/upCode/vnpay_jsp/src/java/com/vnpay/common/vnpayRefund.java</file>
        </group>
    </open-files>
</project-private>
